Identifier,Time_h,Replicate,Peak_Nr,Area_All,Ampl_64,Area_64,Area_66,Ampl_66,d34S,Type,Measurement,Date
SID9,,,1,27.764,1383,26.493,1.27,6631,0,standard,,20220212
SID9,,,2,27.869,1382,26.594,1.275,6626,-0.127,standard,,20220212
SID9,,,3,16.605,593,15.851,0.753,2813,-9.875,standard,,20220212
SID9,,,4,27.55,1383,26.29,1.26,6630,-0.23,standard,,20220212
SID9,,,5,28.213,1404,26.922,1.291,6730,-0.17,standard,,20220212
AGS_2,,,1,28.213,1406,26.922,1.291,6741,0,standard,,20220212
AGS_2,,,2,28.434,1411,27.133,1.301,6763,-0.01,standard,,20220212
AGS_2,,,3,13.093,481,12.494,0.599,2306,0.888,standard,,20220212
AGS_2,,,4,28.474,1448,27.172,1.302,6941,-0.071,standard,,20220212
AGS_2,,,5,28.995,1440,27.668,1.326,6902,-0.061,standard,,20220212
Control,0,1,1,30.898,1538,29.486,1.413,7367,0,control,sulfide,20220212
Control,0,1,2,30.983,1536,29.566,1.417,7358,-0.023,control,sulfide,20220212
Control,0,1,3,7.861,274,7.502,0.358,1309,-3.448,control,sulfide,20220212
Control,0,1,4,30.245,1517,28.862,1.383,7270,0.015,control,sulfide,20220212
Control,0,1,5,30.736,1526,29.331,1.405,7312,0.041,control,sulfide,20220212
Control,33.5,1,1,30.53,1522,29.133,1.397,7299,0,control,sulfide,20220212
Control,33.5,1,2,30.723,1524,29.317,1.406,7309,-0.07,control,sulfide,20220212
Control,33.5,1,3,11.433,415,10.911,0.521,1982,-3.924,control,sulfide,20220212
Control,33.5,1,4,30.03,1506,28.655,1.374,7222,-0.06,control,sulfide,20220212
Control,33.5,1,5,30.469,1512,29.075,1.394,7250,-0.085,control,sulfide,20220212
Control,54.5,1,1,30.246,1506,28.863,1.383,7213,0,control,sulfide,20220212
Control,54.5,1,2,30.369,1508,28.98,1.388,7221,-0.051,control,sulfide,20220212
Control,54.5,1,3,11.239,409,10.727,0.512,1949,-4.246,control,sulfide,20220212
Control,54.5,1,4,26.776,1345,25.552,1.224,6444,-0.057,control,sulfide,20220212
Control,54.5,1,5,27.255,1355,26.009,1.246,6491,-0.045,control,sulfide,20220212
Control,71,1,1,28.126,1401,26.838,1.288,6722,0,control,sulfide,20220212
Control,71,1,2,28.226,1401,26.933,1.293,6722,0.007,control,sulfide,20220212
Control,71,1,3,8.938,311,8.53,0.408,1484,-3.893,control,sulfide,20220212
Control,71,1,4,27.698,1393,26.43,1.268,6686,-0.132,control,sulfide,20220212
Control,71,1,5,28.268,1400,26.974,1.295,6720,-0.02,control,sulfide,20220212
Control,83,1,1,28.175,1403,26.886,1.289,6728,0,control,sulfide,20220212
Control,83,1,2,28.34,1406,27.044,1.297,6743,-0.039,control,sulfide,20220212
Control,83,1,3,10.134,355,9.672,0.462,1694,-3.698,control,sulfide,20220212
Control,83,1,4,27.723,1392,26.455,1.269,6673,-0.031,control,sulfide,20220212
Control,83,1,5,28.169,1396,26.88,1.289,6697,0.039,control,sulfide,20220212
Control,91,1,1,28.717,1430,27.402,1.315,6860,0,control,sulfide,20220212
Control,91,1,2,28.849,1431,27.528,1.321,6863,-0.026,control,sulfide,20220212
Control,91,1,3,9.845,350,9.396,0.449,1671,-4.25,control,sulfide,20220212
Control,91,1,4,28.482,1429,27.178,1.304,6859,-0.087,control,sulfide,20220212
Control,91,1,5,28.919,1434,27.595,1.324,6878,-0.004,control,sulfide,20220212
SW,,,1,31.928,1587,30.466,1.462,7616,0,standard,,20220212
SW,,,2,32.039,1589,30.572,1.467,7625,-0.052,standard,,20220212
SW,,,3,13.944,498,13.297,0.647,2420,15.05,standard,,20220212
SW,,,4,31.564,1583,30.119,1.445,7596,-0.083,standard,,20220212
SW,,,5,32.075,1590,30.606,1.469,7633,-0.059,standard,,20220212
SID9,,,1,31.889,1584,30.43,1.459,7596,0,standard,,20220212
SID9,,,2,32.002,1586,30.538,1.464,7602,-0.075,standard,,20220212
SID9,,,3,18.618,671,17.774,0.845,3182,-9.587,standard,,20220212
SID9,,,4,31.282,1567,29.851,1.431,7513,-0.087,standard,,20220212
SID9,,,5,31.799,1575,30.344,1.455,7552,-0.076,standard,,20220212
SW,,,1,29.908,1488,28.539,1.369,7137,0,standard,,20220212
SW,,,2,29.983,1489,28.61,1.373,7143,-0.067,standard,,20220212
SW,,,3,12.359,430,11.785,0.574,2089,15.976,standard,,20220212
SW,,,4,29.961,1503,28.59,1.372,7210,-0.011,standard,,20220212
SW,,,5,30.499,1512,29.103,1.396,7257,-0.008,standard,,20220212
high,151,4,1,31.05,1540,29.628,1.421,7390,0,sample,sulfate,20220212
high,151,4,2,31.149,1541,29.723,1.426,7393,-0.042,sample,sulfate,20220212
high,151,4,3,47.345,1638,45.183,2.163,7833,-2.537,sample,sulfate,20220212
high,151,4,4,30.881,1537,29.467,1.414,7372,-0.13,sample,sulfate,20220212
high,151,4,5,31.122,1542,29.698,1.425,7395,-0.064,sample,sulfate,20220212
AGS_2,,,1,29.875,1487,28.511,1.365,7115,0,standard,,20220215
AGS_2,,,2,30.048,1491,28.675,1.373,7135,-0.061,standard,,20220215
AGS_2,,,3,27.455,1027,26.2,1.255,4917,0.908,standard,,20220215
AGS_2,,,4,29.791,1487,28.43,1.361,7116,-0.099,standard,,20220215
AGS_2,,,5,30.2,1495,28.821,1.38,7157,-0.015,standard,,20220215
AGS_2,,,1,30.045,1493,28.672,1.372,7145,0,standard,,20220215
AGS_2,,,2,30.221,1497,28.841,1.38,7166,0.005,standard,,20220215
AGS_2,,,3,30.317,1154,28.931,1.386,5522,1.052,standard,,20220215
AGS_2,,,4,29.979,1498,28.61,1.369,7170,-0.036,standard,,20220215
AGS_2,,,5,30.353,1505,28.967,1.387,7203,0.028,standard,,20220215
SID9,,,1,30.267,1503,28.885,1.382,7192,0,standard,,20220215
SID9,,,2,30.381,1505,28.994,1.388,7201,0.047,standard,,20220215
SID9,,,3,37.059,1368,35.381,1.678,6483,-9.834,standard,,20220215
SID9,,,4,30.38,1516,28.993,1.387,7254,-0.114,standard,,20220215
SID9,,,5,30.738,1519,29.334,1.404,7271,-0.053,standard,,20220215
SID9,,,1,30.06,1493,28.687,1.373,7144,0,standard,,20220215
SID9,,,2,30.155,1494,28.777,1.377,7151,0.036,standard,,20220215
SID9,,,3,60.207,2197,57.482,2.726,10412,-9.88,standard,,20220215
SID9,,,4,30.011,1498,28.641,1.37,7166,-0.178,standard,,20220215
SID9,,,5,30.348,1502,28.963,1.386,7187,0.006,standard,,20220215
high,0,1,1,30.342,1508,28.956,1.385,7213,0,sample,sulfide,20220215
high,0,1,2,30.544,1514,29.149,1.395,7241,-0.045,sample,sulfide,20220215
high,0,1,3,74.359,2702,70.973,3.385,12879,-3.373,sample,sulfide,20220215
high,0,1,4,30.2,1505,28.821,1.379,7200,-0.155,sample,sulfide,20220215
high,0,1,5,30.49,1508,29.098,1.392,7216,-0.07,sample,sulfide,20220215
high,33.5,1,1,30.287,1502,28.904,1.383,7185,0,sample,sulfide,20220215
high,33.5,1,2,30.359,1505,28.973,1.386,7198,-0.122,sample,sulfide,20220215
high,33.5,1,3,79.2,2888,75.599,3.601,13748,-4.864,sample,sulfide,20220215
high,33.5,1,4,30.042,1497,28.671,1.371,7159,-0.276,sample,sulfide,20220215
high,33.5,1,5,30.294,1499,28.911,1.383,7169,-0.241,sample,sulfide,20220215
high,54.5,1,1,30.062,1492,28.69,1.372,7135,0,sample,sulfide,20220215
high,54.5,1,2,30.226,1497,28.847,1.38,7161,-0.037,sample,sulfide,20220215
high,54.5,1,3,81.612,3046,77.908,3.705,14477,-6.431,sample,sulfide,20220215
high,54.5,1,4,30.487,1516,29.096,1.392,7252,-0.047,sample,sulfide,20220215
high,54.5,1,5,30.737,1520,29.334,1.403,7272,0.04,sample,sulfide,20220215
high,71,1,1,30.735,1525,29.332,1.403,7294,0,sample,sulfide,20220215
high,71,1,2,30.896,1530,29.486,1.41,7318,-0.031,sample,sulfide,20220215
high,71,1,3,73.359,2606,70.039,3.32,12346,-15.908,sample,sulfide,20220215
high,71,1,4,30.893,1533,29.483,1.41,7334,-0.086,sample,sulfide,20220215
high,71,1,5,31.142,1540,29.72,1.422,7365,0.003,sample,sulfide,20220215
high,83,1,1,31.063,1541,29.645,1.418,7371,0,sample,sulfide,20220215
high,83,1,2,31.226,1546,29.801,1.425,7392,-0.043,sample,sulfide,20220215
high,83,1,3,41.327,1491,39.465,1.862,7025,-28.952,sample,sulfide,20220215
high,83,1,4,30.999,1544,29.584,1.415,7384,-0.06,sample,sulfide,20220215
high,83,1,5,31.338,1551,29.908,1.43,7419,-0.024,sample,sulfide,20220215
high,91,1,1,31.039,1542,29.622,1.417,7377,0,sample,sulfide,20220215
high,91,1,2,31.199,1544,29.775,1.424,7384,-0.056,sample,sulfide,20220215
high,91,1,3,27.058,981,25.839,1.219,4622,-48.952,sample,sulfide,20220215
high,91,1,4,30.568,1524,29.173,1.396,7292,0.335,sample,sulfide,20220215
high,91,1,5,30.967,1530,29.553,1.414,7322,0.455,sample,sulfide,20220215
high,0,2,1,30.63,1519,29.231,1.399,7270,0,sample,sulfide,20220215
high,0,2,2,30.713,1519,29.311,1.403,7270,0.082,sample,sulfide,20220215
high,0,2,3,68.881,2467,65.745,3.137,11758,-3.296,sample,sulfide,20220215
high,0,2,4,30.19,1498,28.811,1.379,7174,0.414,sample,sulfide,20220215
high,0,2,5,30.401,1504,29.012,1.389,7199,0.516,sample,sulfide,20220215
high,33.5,2,1,30.733,1523,29.329,1.404,7292,0,sample,sulfide,20220215
high,33.5,2,2,30.857,1526,29.447,1.41,7307,0.001,sample,sulfide,20220215
high,33.5,2,3,87.464,3262,83.483,3.98,15542,-4.613,sample,sulfide,20220215
high,33.5,2,4,31.019,1543,29.602,1.418,7391,0.144,sample,sulfide,20220215
high,33.5,2,5,31.255,1545,29.826,1.428,7401,0.246,sample,sulfide,20220215
high,54.5,2,1,31.124,1542,29.701,1.423,7385,0,sample,sulfide,20220215
high,54.5,2,2,31.192,1544,29.766,1.426,7396,-0.05,sample,sulfide,20220215
high,54.5,2,3,83.591,2994,79.793,3.798,14243,-7.605,sample,sulfide,20220215
high,54.5,2,4,30.644,1523,29.244,1.401,7296,0.006,sample,sulfide,20220215
high,54.5,2,5,30.758,1520,29.352,1.406,7281,0.112,sample,sulfide,20220215
high,71,2,1,30.473,1512,29.08,1.393,7242,0,sample,sulfide,20220215
high,71,2,2,30.571,1512,29.173,1.397,7243,0.008,sample,sulfide,20220215
high,71,2,3,75.041,2770,71.641,3.4,13135,-16.985,sample,sulfide,20220215
high,71,2,4,30.15,1504,28.772,1.378,7204,0.028,sample,sulfide,20220215
high,71,2,5,30.49,1508,29.096,1.394,7225,0.047,sample,sulfide,20220215
high,83,2,1,30.283,1502,28.899,1.384,7194,0,sample,sulfide,20220215
high,83,2,2,30.386,1503,28.997,1.389,7200,-0.033,sample,sulfide,20220215
high,83,2,3,43.924,1712,41.942,1.981,8078,-30.111,sample,sulfide,20220215
high,83,2,4,29.997,1494,28.626,1.371,7157,0.024,sample,sulfide,20220215
high,83,2,5,30.339,1500,28.952,1.387,7186,0.027,sample,sulfide,20220215
high,91,2,1,30.149,1495,28.77,1.378,7164,0,sample,sulfide,20220215
high,91,2,2,30.248,1495,28.865,1.383,7164,-0.005,sample,sulfide,20220215
high,91,2,3,28.279,1049,27.003,1.276,4953,-48.111,sample,sulfide,20220215
high,91,2,4,29.701,1481,28.343,1.358,7097,0.023,sample,sulfide,20220215
high,91,2,5,30.026,1484,28.653,1.373,7113,0.079,sample,sulfide,20220215
AGS_2,,,1,29.634,1472,28.279,1.355,7052,0,standard,,20220215
AGS_2,,,2,29.809,1476,28.446,1.363,7073,-0.006,standard,,20220215
AGS_2,,,3,35.191,1303,33.58,1.611,6242,1.054,standard,,20220215
AGS_2,,,4,29.489,1471,28.14,1.348,7050,-0.001,standard,,20220215
AGS_2,,,5,29.931,1481,28.563,1.369,7097,0.041,standard,,20220215
AGS_2,,,1,29.784,1477,28.422,1.362,7076,0,standard,,20220215
AGS_2,,,2,29.312,1440,27.972,1.34,6903,-0.025,standard,,20220215
AGS_2,,,3,24.094,894,22.992,1.102,4283,0.758,standard,,20220215
AGS_2,,,4,29.438,1466,28.092,1.346,7022,-0.096,standard,,20220215
AGS_2,,,5,29.744,1473,28.384,1.36,7058,0.014,standard,,20220215
SID9,,,1,29.69,1471,28.332,1.358,7050,0,standard,,20220215
SID9,,,2,29.809,1475,28.446,1.363,7068,-0.02,standard,,20220215
SID9,,,3,60.283,2224,57.551,2.733,10549,-9.914,standard,,20220215
SID9,,,4,29.828,1485,28.464,1.364,7117,-0.12,standard,,20220215
SID9,,,5,29.959,1480,28.589,1.37,7093,-0.098,standard,,20220215
SID9,,,1,29.712,1474,28.353,1.359,7062,0,standard,,20220215
SID9,,,2,29.832,1477,28.468,1.364,7077,0.014,standard,,20220215
SID9,,,3,85.46,3148,81.586,3.874,14934,-9.889,standard,,20220215
SID9,,,4,29.661,1476,28.305,1.356,7072,-0.177,standard,,20220215
SID9,,,5,29.949,1482,28.58,1.369,7102,-0.089,standard,,20220215
high,0,3,1,29.856,1480,28.491,1.365,7092,0,sample,sulfide,20220215
high,0,3,2,29.94,1482,28.571,1.369,7098,-0.013,sample,sulfide,20220215
high,0,3,3,57.123,2096,54.52,2.604,10000,-3.513,sample,sulfide,20220215
high,0,3,4,29.813,1483,28.45,1.363,7104,-0.033,sample,sulfide,20220215
high,0,3,5,30.1,1489,28.724,1.376,7133,0.027,sample,sulfide,20220215
high,33.5,3,1,29.879,1484,28.513,1.366,7108,0,sample,sulfide,20220215
high,33.5,3,2,30.441,1507,29.049,1.392,7221,0.028,sample,sulfide,20220215
high,33.5,3,3,69.938,2634,66.754,3.183,12552,-4.925,sample,sulfide,20220215
high,33.5,3,4,29.661,1474,28.305,1.356,7062,-0.064,sample,sulfide,20220215
high,33.5,3,5,29.901,1479,28.534,1.367,7083,0.044,sample,sulfide,20220215
high,54.5,3,1,29.751,1475,28.391,1.36,7067,0,sample,sulfide,20220215
high,54.5,3,2,29.876,1478,28.51,1.366,7079,-0.069,sample,sulfide,20220215
high,54.5,3,3,57.496,2118,54.883,2.613,10071,-5.836,sample,sulfide,20220215
high,54.5,3,4,29.546,1471,28.195,1.351,7048,-0.075,sample,sulfide,20220215
high,54.5,3,5,30.223,1526,28.841,1.382,7311,0.037,sample,sulfide,20220215
high,71,3,1,32.296,1602,30.82,1.477,7675,0,sample,sulfide,20220215
high,71,3,2,32.415,1601,30.933,1.482,7673,0.037,sample,sulfide,20220215
high,71,3,3,48.318,1737,46.129,2.189,8235,-17.332,sample,sulfide,20220215
high,71,3,4,31.649,1575,30.202,1.447,7544,-0.039,sample,sulfide,20220215
high,71,3,5,31.944,1579,30.484,1.46,7566,0.002,sample,sulfide,20220215
high,83,3,1,31.66,1572,30.212,1.447,7530,0,sample,sulfide,20220215
high,83,3,2,31.798,1572,30.345,1.454,7534,0.055,sample,sulfide,20220215
high,83,3,3,34.915,1316,33.34,1.575,6209,-33.061,sample,sulfide,20220215
high,83,3,4,31.203,1558,29.777,1.426,7466,-0.064,sample,sulfide,20220215
high,83,3,5,31.597,1561,30.152,1.445,7477,0.092,sample,sulfide,20220215
high,91,3,1,31.239,1549,29.811,1.428,7420,0,sample,sulfide,20220215
high,91,3,2,31.361,1551,29.928,1.434,7431,-0.003,sample,sulfide,20220215
high,91,3,3,27.312,1022,26.079,1.233,4825,-45.061,sample,sulfide,20220215
high,91,3,4,30.919,1540,29.505,1.414,7378,-0.081,sample,sulfide,20220215
high,91,3,5,31.298,1547,29.867,1.431,7411,-0.052,sample,sulfide,20220215
lower,0,1,1,31.088,1542,29.667,1.421,7389,0,sample,sulfide,20220215
lower,0,1,2,31.201,1543,29.774,1.427,7393,-0.001,sample,sulfide,20220215
lower,0,1,3,49.951,1872,47.674,2.277,8934,-3.194,sample,sulfide,20220215
lower,0,1,4,30.918,1538,29.504,1.414,7371,0.044,sample,sulfide,20220215
lower,0,1,5,31.225,1543,29.797,1.428,7393,0.122,sample,sulfide,20220215
lower,33.5,1,1,30.995,1539,29.578,1.417,7373,0,sample,sulfide,20220215
lower,33.5,1,2,31.135,1538,29.712,1.424,7369,0.091,sample,sulfide,20220215
lower,33.5,1,3,63.359,2331,60.475,2.884,11108,-5.043,sample,sulfide,20220215
lower,33.5,1,4,30.686,1529,29.283,1.403,7326,-0.025,sample,sulfide,20220215
lower,33.5,1,5,30.962,1532,29.547,1.416,7341,0.056,sample,sulfide,20220215
lower,54.5,1,1,30.834,1528,29.424,1.41,7323,0,sample,sulfide,20220215
lower,54.5,1,2,30.958,1530,29.542,1.416,7333,0.022,sample,sulfide,20220215
lower,54.5,1,3,56.303,2113,53.744,2.56,10055,-6.609,sample,sulfide,20220215
lower,54.5,1,4,30.478,1518,29.084,1.394,7276,-0.015,sample,sulfide,20220215
lower,54.5,1,5,30.827,1523,29.417,1.41,7296,0.031,sample,sulfide,20220215
lower,71,1,1,30.668,1521,29.266,1.402,7287,0,sample,sulfide,20220215
lower,71,1,2,30.726,1522,29.321,1.405,7293,0.005,sample,sulfide,20220215
lower,71,1,3,51.355,1872,49.027,2.328,8878,-9.819,sample,sulfide,20220215
lower,71,1,4,30.311,1508,28.925,1.386,7225,-0.037,sample,sulfide,20220215
lower,71,1,5,30.619,1514,29.219,1.4,7252,-0.04,sample,sulfide,20220215
lower,83,1,1,30.492,1512,29.097,1.394,7243,0,sample,sulfide,20220215
lower,83,1,2,30.598,1511,29.199,1.399,7241,0.002,sample,sulfide,20220215
lower,83,1,3,46.386,1716,44.293,2.093,8100,-14.912,sample,sulfide,20220215
lower,83,1,4,28.515,1419,27.211,1.304,6798,-0.107,sample,sulfide,20220215
lower,83,1,5,28.927,1432,27.605,1.323,6862,-0.048,sample,sulfide,20220215
lower,91,1,1,29.294,1452,27.955,1.339,6959,0,sample,sulfide,20220215
lower,91,1,2,29.42,1456,28.075,1.345,6976,0.019,sample,sulfide,20220215
lower,91,1,3,28.986,1030,27.679,1.307,4860,-22.416,sample,sulfide,20220215
lower,91,1,4,29.234,1458,27.898,1.337,6984,-0.003,sample,sulfide,20220215
lower,91,1,5,29.612,1464,28.258,1.354,7017,0.092,sample,sulfide,20220215
AGS_2,,,1,29.604,1468,28.25,1.354,7036,0,standard,,20220215
AGS_2,,,2,29.733,1471,28.374,1.359,7048,-0.076,standard,,20220215
AGS_2,,,3,36.961,1390,35.269,1.691,6659,1.07,standard,,20220215
AGS_2,,,4,29.469,1468,28.122,1.347,7033,-0.137,standard,,20220215
AGS_2,,,5,30.391,1500,29.002,1.39,7188,0.019,standard,,20220215
AGS_2,,,1,29.463,1461,28.116,1.347,6999,0,standard,,20220215
AGS_2,,,2,29.538,1462,28.187,1.351,7005,0.011,standard,,20220215
AGS_2,,,3,16.525,620,15.769,0.756,2972,0.901,standard,,20220215
AGS_2,,,4,29.042,1448,27.714,1.328,6941,0.039,standard,,20220215
AGS_2,,,5,29.412,1456,28.067,1.345,6977,0.16,standard,,20220215
SID9,,,1,29.345,1456,28.003,1.342,6975,0,standard,,20220215
SID9,,,2,29.472,1460,28.125,1.348,6996,0.001,standard,,20220215
SID9,,,3,38.977,1387,37.21,1.767,6579,-9.936,standard,,20220215
SID9,,,4,29.428,1465,28.082,1.346,7021,-0.129,standard,,20220215
SID9,,,5,29.783,1473,28.421,1.362,7060,-0.009,standard,,20220215
SID9,,,1,29.613,1469,28.259,1.354,7038,0,standard,,20220215
SID9,,,2,29.761,1473,28.4,1.361,7057,-0.02,standard,,20220215
SID9,,,3,79.611,2873,76.002,3.609,13627,-9.843,standard,,20220215
SID9,,,4,29.546,1470,28.195,1.351,7043,-0.185,standard,,20220215
SID9,,,5,29.813,1474,28.45,1.363,7061,-0.025,standard,,20220215
lower,0,2,1,31.734,1583,30.283,1.451,7584,0,sample,sulfide,20220215
lower,0,2,2,32.865,1625,31.362,1.503,7787,-0.098,sample,sulfide,20220215
lower,0,2,3,54.338,1928,51.861,2.477,9199,-3.533,sample,sulfide,20220215
lower,0,2,4,29.327,1459,27.986,1.341,6989,-0.177,sample,sulfide,20220215
lower,0,2,5,29.606,1463,28.253,1.354,7010,-0.089,sample,sulfide,20220215
lower,33.5,2,1,29.409,1458,28.064,1.345,6987,0,sample,sulfide,20220215
lower,33.5,2,2,29.539,1460,28.188,1.351,6996,-0.054,sample,sulfide,20220215
lower,33.5,2,3,60.851,2233,58.081,2.77,10641,-5.097,sample,sulfide,20220215
lower,33.5,2,4,29.253,1455,27.915,1.337,6971,-0.112,sample,sulfide,20220215
lower,33.5,2,5,29.525,1459,28.175,1.35,6989,0.003,sample,sulfide,20220215
lower,54.5,2,1,29.335,1455,27.994,1.341,6973,0,sample,sulfide,20220215
lower,54.5,2,2,29.44,1455,28.094,1.346,6974,-0.045,sample,sulfide,20220215
lower,54.5,2,3,63.224,2276,60.35,2.874,10829,-6.662,sample,sulfide,20220215
lower,54.5,2,4,29.271,1457,27.933,1.338,6982,-0.193,sample,sulfide,20220215
lower,54.5,2,5,30.812,1543,29.403,1.409,7391,-0.05,sample,sulfide,20220215
lower,71,2,1,29.319,1452,27.979,1.341,6959,0,sample,sulfide,20220215
lower,71,2,2,29.458,1456,28.111,1.347,6974,-0.011,sample,sulfide,20220215
lower,71,2,3,45.435,1656,43.375,2.059,7853,-9.87,sample,sulfide,20220215
lower,71,2,4,29.37,1462,28.027,1.343,7004,-0.102,sample,sulfide,20220215
lower,71,2,5,29.669,1467,28.313,1.357,7027,-0.032,sample,sulfide,20220215
lower,83,2,1,29.571,1466,28.219,1.352,7026,0,sample,sulfide,20220215
lower,83,2,2,29.679,1466,28.323,1.357,7026,0.059,sample,sulfide,20220215
lower,83,2,3,45.335,1643,43.29,2.045,7754,-15.117,sample,sulfide,20220215
lower,83,2,4,29.538,1471,28.188,1.35,7049,-0.184,sample,sulfide,20220215
lower,83,2,5,29.86,1477,28.495,1.365,7075,-0.102,sample,sulfide,20220215
lower,91,2,1,30.013,1490,28.641,1.372,7140,0,sample,sulfide,20220215
lower,91,2,2,30.187,1494,28.807,1.38,7155,-0.102,sample,sulfide,20220215
lower,91,2,3,28.789,1029,27.491,1.298,4852,-29.451,sample,sulfide,20220215
lower,91,2,4,32.996,1642,31.488,1.508,7865,-0.221,sample,sulfide,20220215
lower,91,2,5,33.297,1646,31.776,1.522,7882,-0.202,sample,sulfide,20220215
lower,0,3,1,32.989,1634,31.481,1.508,7825,0,sample,sulfide,20220215
lower,0,3,2,33.112,1635,31.599,1.513,7831,-0.092,sample,sulfide,20220215
lower,0,3,3,53.376,1887,50.944,2.431,8998,-3.635,sample,sulfide,20220215
lower,0,3,4,32.79,1630,31.292,1.498,7801,-0.426,sample,sulfide,20220215
lower,0,3,5,33.124,1639,31.611,1.513,7843,-0.39,sample,sulfide,20220215
lower,33.5,3,1,33.001,1636,31.493,1.507,7827,0,sample,sulfide,20220215
lower,33.5,3,2,33.124,1636,31.611,1.513,7831,-0.055,sample,sulfide,20220215
lower,33.5,3,3,73.13,2565,69.804,3.326,12212,-5.013,sample,sulfide,20220215
lower,33.5,3,4,33.012,1640,31.505,1.507,7845,-0.347,sample,sulfide,20220215
lower,33.5,3,5,33.319,1645,31.798,1.522,7874,-0.327,sample,sulfide,20220215
lower,54.5,3,1,33.263,1648,31.742,1.521,7896,0,sample,sulfide,20220215
lower,54.5,3,2,33.275,1647,31.754,1.521,7891,-0.07,sample,sulfide,20220215
lower,54.5,3,3,59.106,2040,56.42,2.687,9703,-6.789,sample,sulfide,20220215
lower,54.5,3,4,32.999,1638,31.491,1.508,7845,-0.293,sample,sulfide,20220215
lower,54.5,3,5,33.239,1644,31.72,1.52,7877,-0.216,sample,sulfide,20220215
lower,71,3,1,33.182,1645,31.665,1.517,7881,0,sample,sulfide,20220215
lower,71,3,2,33.301,1646,31.779,1.522,7884,-0.046,sample,sulfide,20220215
lower,71,3,3,58.491,2021,55.84,2.651,9588,-9.708,sample,sulfide,20220215
lower,71,3,4,33.078,1644,31.566,1.512,7876,-0.271,sample,sulfide,20220215
lower,71,3,5,33.392,1649,31.865,1.526,7897,-0.16,sample,sulfide,20220215
lower,83,3,1,33.346,1650,31.822,1.524,7902,0,sample,sulfide,20220215
lower,83,3,2,33.463,1653,31.934,1.529,7915,-0.065,sample,sulfide,20220215
lower,83,3,3,57.614,2089,55.014,2.6,9861,-14.502,sample,sulfide,20220215
lower,83,3,4,33.14,1645,31.626,1.515,7880,-0.144,sample,sulfide,20220215
lower,83,3,5,33.372,1650,31.847,1.525,7901,-0.009,sample,sulfide,20220215
lower,91,3,1,33.481,1661,31.951,1.53,7953,0,sample,sulfide,20220215
lower,91,3,2,33.592,1660,32.057,1.535,7950,0.02,sample,sulfide,20220215
lower,91,3,3,32.828,1188,31.348,1.48,5601,-27.573,sample,sulfide,20220215
lower,91,3,4,33.039,1644,31.529,1.51,7877,-0.036,sample,sulfide,20220215
lower,91,3,5,33.432,1653,31.904,1.528,7917,0.034,sample,sulfide,20220215
AGS_2,,,1,33.332,1650,31.807,1.525,7913,0,standard,,20220215
AGS_2,,,2,33.442,1653,31.911,1.53,7926,0.031,standard,,20220215
AGS_2,,,3,50.929,1747,48.596,2.333,8379,1.206,standard,,20220215
AGS_2,,,4,33.082,1645,31.568,1.513,7886,-0.095,standard,,20220215
AGS_2,,,5,33.4,1650,31.872,1.528,7910,0.031,standard,,20220215
AGS_2,,,1,33.178,1643,31.664,1.514,7857,0,standard,,20220215
AGS_2,,,2,33.287,1646,31.768,1.519,7869,0.044,standard,,20220215
AGS_2,,,3,52.801,1805,50.39,2.412,8631,1.127,standard,,20220215
AGS_2,,,4,32.903,1635,31.401,1.502,7818,0.24,standard,,20220215
AGS_2,,,5,33.205,1640,31.689,1.516,7842,0.271,standard,,20220215
SID9,,,1,32.999,1637,31.49,1.509,7841,0,standard,,20220215
SID9,,,2,33.095,1637,31.582,1.513,7844,-0.01,standard,,20220215
SID9,,,3,67.584,2360,64.521,3.063,11192,-9.94,standard,,20220215
SID9,,,4,32.879,1635,31.376,1.503,7833,-0.141,standard,,20220215
SID9,,,5,33.246,1641,31.726,1.52,7864,-0.1,standard,,20220215
SID9,,,1,33.095,1639,31.582,1.513,7852,0,standard,,20220215
SID9,,,2,33.206,1641,31.688,1.518,7863,0.083,standard,,20220215
SID9,,,3,42.451,1450,40.528,1.924,6874,-10.069,standard,,20220215
SID9,,,4,32.861,1635,31.359,1.502,7831,-0.138,standard,,20220215
SID9,,,5,33.243,1644,31.723,1.52,7874,-0.012,standard,,20220215
SID9,,,1,32.566,1614,31.079,1.487,7721,0,standard,,20220217
SID9,,,2,32.664,1615,31.172,1.491,7727,-0.067,standard,,20220217
SID9,,,3,47.073,1641,44.938,2.134,7789,-8.013,standard,,20220217
SID9,,,4,32.89,1629,31.388,1.502,7796,0.063,standard,,20220217
SID9,,,5,33.128,1633,31.615,1.513,7816,0.237,standard,,20220217
high,54.5,4,1,32.35,1602,30.872,1.478,7672,0,sample,sulfate,20220217
high,54.5,4,2,32.442,1602,30.959,1.482,7671,0.015,sample,sulfate,20220217
high,54.5,4,3,86.082,3369,82.131,3.951,16203,5.253,sample,sulfate,20220217
high,54.5,4,4,32.33,1599,30.853,1.477,7654,-0.034,sample,sulfate,20220217
high,54.5,4,5,32.468,1601,30.984,1.484,7665,0.088,sample,sulfate,20220217
high,54.5,5,1,32.187,1593,30.715,1.472,7634,0,sample,sulfate,20220217
high,54.5,5,2,32.227,1592,30.753,1.474,7634,0.01,sample,sulfate,20220217
high,54.5,5,3,83.159,3302,79.339,3.82,15888,4.692,sample,sulfate,20220217
high,54.5,5,4,32.069,1587,30.602,1.467,7609,-0.046,sample,sulfate,20220217
high,54.5,5,5,32.245,1590,30.77,1.475,7621,0.03,sample,sulfate,20220217
high,54.5,6,1,31.837,1575,30.385,1.452,7529,0,sample,sulfate,20220217
high,54.5,6,2,31.957,1577,30.5,1.458,7539,0.018,sample,sulfate,20220217
high,54.5,6,3,70.57,2646,67.338,3.232,12693,4.53,sample,sulfate,20220217
high,54.5,6,4,31.84,1576,30.388,1.453,7535,0.206,sample,sulfate,20220217
high,54.5,6,5,32.004,1581,30.544,1.46,7558,0.287,sample,sulfate,20220217
high,83,4,1,31.874,1579,30.419,1.455,7553,0,sample,sulfate,20220217
high,83,4,2,32.007,1580,30.546,1.461,7556,0.044,sample,sulfate,20220217
high,83,4,3,43.487,1634,41.496,1.992,7835,3.728,sample,sulfate,20220217
high,83,4,4,31.865,1578,30.41,1.455,7552,0.146,sample,sulfate,20220217
high,83,4,5,32.057,1583,30.594,1.464,7574,0.234,sample,sulfate,20220217
high,83,5,1,31.851,1576,30.396,1.454,7540,0,sample,sulfate,20220217
high,83,5,2,31.96,1578,30.501,1.459,7550,0.042,sample,sulfate,20220217
high,83,5,3,32.09,1204,30.621,1.469,5773,3.183,sample,sulfate,20220217
high,83,5,4,31.721,1572,30.273,1.448,7524,0.037,sample,sulfate,20220217
high,83,5,5,31.939,1575,30.48,1.458,7537,0.08,sample,sulfate,20220217
high,83,6,1,31.702,1568,30.251,1.451,7520,0,sample,sulfate,20220217
high,83,6,2,31.77,1568,30.316,1.454,7517,0.005,sample,sulfate,20220217
high,83,6,3,51.299,1894,48.943,2.357,9108,2.488,sample,sulfate,20220217
high,83,6,4,31.583,1566,30.138,1.445,7510,-0.119,sample,sulfate,20220217
high,83,6,5,31.868,1572,30.41,1.458,7537,-0.006,sample,sulfate,20220217
high,101.5,4,1,30.702,1526,29.298,1.404,7313,0,sample,sulfate,20220212
high,101.5,4,2,30.832,1529,29.422,1.41,7325,-0.042,sample,sulfate,20220212
high,101.5,4,3,223.326,7747,213.098,10.228,37178,1.412,sample,sulfate,20220212
high,101.5,4,4,30.985,1534,29.568,1.417,7353,-0.302,sample,sulfate,20220212
high,101.5,4,5,31.114,1537,29.692,1.423,7366,-0.268,sample,sulfate,20220212
high,101.5,5,1,32.015,1585,30.551,1.464,7595,0,sample,sulfate,20220217
high,101.5,5,2,32.109,1586,30.641,1.468,7599,0.008,sample,sulfate,20220217
high,101.5,5,3,182.577,6809,174.224,8.353,32629,2.857,sample,sulfate,20220217
high,101.5,5,4,32.043,1585,30.578,1.465,7593,0.037,sample,sulfate,20220217
high,101.5,5,5,32.156,1585,30.686,1.47,7594,0.049,sample,sulfate,20220217
high,101.5,6,1,31.888,1578,30.43,1.458,7562,0,sample,sulfate,20220217
high,101.5,6,2,32.011,1579,30.547,1.464,7566,-0.089,sample,sulfate,20220217
high,101.5,6,3,76.472,2710,72.971,3.501,12988,1.187,sample,sulfate,20220217
high,101.5,6,4,31.823,1576,30.368,1.455,7551,-0.047,sample,sulfate,20220217
high,101.5,6,5,31.997,1578,30.534,1.463,7561,0.009,sample,sulfate,20220217
AGS_2,,,1,31.049,1537,29.628,1.42,7367,0,standard,,20220217
AGS_2,,,2,31.16,1539,29.735,1.425,7379,0.021,standard,,20220217
AGS_2,,,3,30.101,1128,28.722,1.378,5409,1.054,standard,,20220217
AGS_2,,,4,30.982,1538,29.565,1.417,7373,-0.08,standard,,20220217
AGS_2,,,5,31.25,1542,29.82,1.43,7393,0.022,standard,,20220217
SID9,,,1,31.135,1541,29.711,1.424,7389,0,standard,,20220217
SID9,,,2,31.739,1565,30.287,1.452,7504,-0.039,standard,,20220217
SID9,,,3,90.944,3282,86.817,4.127,15584,-9.305,standard,,20220217
SID9,,,4,31.127,1542,29.703,1.424,7391,-0.135,standard,,20220217
SID9,,,5,31.328,1545,29.895,1.433,7407,-0.089,standard,,20220217
SID9,,,1,31.184,1543,29.76,1.425,7388,0,standard,,20220217
SID9,,,2,31.28,1544,29.851,1.429,7390,0.028,standard,,20220217
SID9,,,3,55.377,2089,52.867,2.51,9912,-8.934,standard,,20220217
SID9,,,4,33.595,1664,32.06,1.535,7967,0.076,standard,,20220217
SID9,,,5,31.767,1561,30.315,1.452,7474,0.121,standard,,20220217
SW,,,1,30.848,1528,29.439,1.41,7314,0,standard,,20220217
SW,,,2,31.064,1529,29.644,1.419,7323,0.032,standard,,20220217
SW,,,3,38.885,1383,37.084,1.802,6713,15.985,standard,,20220217
SW,,,4,30.882,1534,29.47,1.411,7343,0.157,standard,,20220217
SW,,,5,31.093,1535,29.672,1.421,7349,0.189,standard,,20220217
SW,,,1,30.931,1531,29.516,1.415,7340,0,standard,,20220217
SW,,,2,31.046,1534,29.626,1.42,7356,0.036,standard,,20220217
SW,,,3,40.954,1525,39.052,1.901,7419,17.06,standard,,20220217
SW,,,4,30.924,1532,29.509,1.415,7345,-0.016,standard,,20220217
SW,,,5,31.134,1538,29.71,1.424,7371,0.016,standard,,20220217
high,295,4,1,30.964,1533,29.549,1.415,7342,0,sample,sulfate,20220217
high,295,4,2,31.121,1538,29.698,1.422,7363,0.001,sample,sulfate,20220217
high,295,4,3,97.542,3415,93.073,4.468,16384,-3.792,sample,sulfate,20220217
high,295,4,4,30.995,1534,29.579,1.416,7348,0.053,sample,sulfate,20220217
high,295,4,5,31.103,1533,29.681,1.422,7343,0.129,sample,sulfate,20220217
medium,54.5,4,1,30.879,1528,29.468,1.412,7319,0,sample,sulfate,20220217
medium,54.5,4,2,30.98,1528,29.564,1.416,7321,0.008,sample,sulfate,20220217
medium,54.5,4,3,103.003,3666,98.298,4.705,17534,-0.885,sample,sulfate,20220217
medium,54.5,4,4,30.975,1532,29.559,1.416,7337,-0.072,sample,sulfate,20220217
medium,54.5,4,5,31.156,1536,29.732,1.424,7356,-0.013,sample,sulfate,20220217
medium,54.5,5,1,30.976,1532,29.559,1.417,7346,0,sample,sulfate,20220217
medium,54.5,5,2,31.101,1535,29.678,1.423,7359,-0.043,sample,sulfate,20220217
medium,54.5,5,3,130.96,4831,124.975,5.984,23114,-1.54,sample,sulfate,20220217
medium,54.5,5,4,31.173,1545,29.747,1.426,7409,-0.171,sample,sulfate,20220217
medium,54.5,5,5,31.358,1545,29.923,1.435,7407,-0.1,sample,sulfate,20220217
medium,54.5,6,1,31.265,1548,29.836,1.429,7412,0,sample,sulfate,20220217
medium,54.5,6,2,31.378,1549,29.944,1.434,7417,-0.148,sample,sulfate,20220217
medium,54.5,6,3,160.848,5589,153.51,7.338,26706,-1.94,sample,sulfate,20220217
medium,54.5,6,4,31.631,1565,30.186,1.445,7490,-0.536,sample,sulfate,20220217
medium,54.5,6,5,31.842,1570,30.387,1.455,7515,-0.513,sample,sulfate,20220217
medium,101.5,4,1,33.316,1649,31.792,1.524,7906,0,sample,sulfate,20220217
medium,101.5,4,2,33.44,1651,31.91,1.53,7914,-0.018,sample,sulfate,20220217
medium,101.5,4,3,80.332,2916,76.666,3.667,13932,-2.665,sample,sulfate,20220217
medium,101.5,4,4,33.243,1645,31.722,1.521,7885,-0.201,sample,sulfate,20220217
medium,101.5,4,5,33.461,1648,31.93,1.531,7897,-0.13,sample,sulfate,20220217
AGS_2,,,1,32.704,1620,31.208,1.496,7764,0,standard,,20220217
AGS_2,,,2,32.811,1619,31.311,1.501,7759,-0.027,standard,,20220217
AGS_2,,,3,47.491,1812,45.317,2.174,8682,0.904,standard,,20220217
AGS_2,,,4,32.61,1616,31.118,1.491,7747,-0.038,standard,,20220217
AGS_2,,,5,32.817,1619,31.316,1.501,7759,0.012,standard,,20220217
SID9,,,1,32.565,1613,31.076,1.489,7730,0,standard,,20220217
SID9,,,2,32.699,1615,31.204,1.496,7739,-0.042,standard,,20220217
SID9,,,3,81.951,2991,78.235,3.716,14196,-9.705,standard,,20220217
SID9,,,4,31.11,1540,29.687,1.423,7379,-0.09,standard,,20220217
SID9,,,5,31.312,1545,29.88,1.432,7405,-0.01,standard,,20220217
SID9,,,1,31.213,1547,29.785,1.428,7415,0,standard,,20220217
SID9,,,2,31.322,1547,29.89,1.433,7416,0.066,standard,,20220217
SID9,,,3,29.748,1082,28.398,1.35,5139,-8.94,standard,,20220217
SID9,,,4,31.185,1547,29.758,1.426,7416,-0.022,standard,,20220217
SID9,,,5,31.445,1552,30.006,1.438,7440,0.038,standard,,20220217
SW,,,1,31.311,1551,29.879,1.432,7434,0,standard,,20220217
SW,,,2,31.459,1555,30.02,1.439,7452,0.045,standard,,20220217
SW,,,3,36.488,1383,34.794,1.694,6728,17.251,standard,,20220217
SW,,,4,31.303,1558,29.872,1.432,7468,0.007,standard,,20220217
SW,,,5,31.551,1559,30.108,1.443,7470,0.047,standard,,20220217
SW,,,1,31.329,1550,29.896,1.433,7430,0,standard,,20220217
SW,,,2,31.489,1554,30.049,1.44,7449,-0.026,standard,,20220217
SW,,,3,37.325,1379,35.591,1.734,6715,17.933,standard,,20220217
SW,,,4,31.266,1551,29.836,1.43,7436,-0.033,standard,,20220217
SW,,,5,31.532,1557,30.09,1.442,7466,0.02,standard,,20220217
medium,151,4,1,31.42,1555,29.983,1.437,7453,0,sample,sulfate,20220217
medium,151,4,2,31.528,1557,30.085,1.442,7462,-0.031,sample,sulfate,20220217
medium,151,4,3,29.05,329,8.636,0.414,1574,-2.189,sample,sulfate,20220217
medium,151,4,4,31.156,1551,29.731,1.425,7432,-0.078,sample,sulfate,20220217
medium,151,4,5,31.506,1556,30.065,1.441,7459,-0.017,sample,sulfate,20220217
medium,151,5,1,31.411,1555,29.974,1.437,7453,0,sample,sulfate,20220217
medium,151,5,2,31.534,1557,30.092,1.442,7463,0.022,sample,sulfate,20220217
medium,151,5,3,69.791,2432,66.605,3.186,11623,-2.155,sample,sulfate,20220217
medium,151,5,4,31.391,1556,29.955,1.436,7457,-0.117,sample,sulfate,20220217
medium,151,5,5,31.612,1560,30.166,1.446,7478,-0.016,sample,sulfate,20220217
medium,151,6,1,31.446,1557,30.01,1.436,7454,0,sample,sulfate,20220217
medium,151,6,2,31.575,1560,30.133,1.442,7464,0.025,sample,sulfate,20220217
medium,151,6,3,36.405,1325,34.746,1.659,6321,-2.449,sample,sulfate,20220217
medium,151,6,4,31.323,1555,29.893,1.431,7442,-0.032,sample,sulfate,20220217
medium,151,6,5,31.612,1560,30.168,1.444,7466,0.008,sample,sulfate,20220217
medium,295,4,1,31.453,1559,30.014,1.439,7474,0,sample,sulfate,20220217
medium,295,4,2,31.585,1560,30.139,1.445,7481,0.031,sample,sulfate,20220217
medium,295,4,3,55.505,2163,52.972,2.533,10330,-3.315,sample,sulfate,20220217
medium,295,4,4,31.369,1558,29.934,1.435,7473,-0.129,sample,sulfate,20220217
medium,295,4,5,31.569,1558,30.125,1.445,7472,-0.015,sample,sulfate,20220217
medium,295,5,1,31.457,1557,30.018,1.439,7465,0,sample,sulfate,20220217
medium,295,5,2,31.55,1560,30.107,1.443,7476,0.007,sample,sulfate,20220217
medium,295,5,3,62.646,2231,59.788,2.858,10655,-2.91,sample,sulfate,20220217
medium,295,5,4,31.367,1556,29.932,1.435,7458,-0.136,sample,sulfate,20220217
medium,295,5,5,31.589,1561,30.144,1.445,7483,-0.062,sample,sulfate,20220217
medium,295,6,1,31.4,1554,29.964,1.436,7449,0,sample,sulfate,20220217
medium,295,6,2,31.532,1556,30.089,1.442,7459,-0.053,sample,sulfate,20220217
medium,295,6,3,88.427,3169,84.392,4.035,15135,-2.76,sample,sulfate,20220217
medium,295,6,4,31.426,1558,29.989,1.437,7465,-0.134,sample,sulfate,20220217
medium,295,6,5,31.639,1559,30.192,1.447,7473,-0.126,sample,sulfate,20220217
lower,54.5,4,1,31.396,1553,29.959,1.437,7448,0,sample,sulfate,20220217
lower,54.5,4,2,31.512,1555,30.07,1.442,7458,0.024,sample,sulfate,20220217
lower,54.5,4,3,48.664,1719,46.443,2.221,8212,-2.878,sample,sulfate,20220217
lower,54.5,4,4,31.599,1563,30.153,1.446,7493,-0.128,sample,sulfate,20220217
lower,54.5,4,5,31.291,1545,29.859,1.432,7408,-0.061,sample,sulfate,20220217
lower,54.5,5,1,31.209,1545,29.782,1.427,7403,0,sample,sulfate,20220217
lower,54.5,5,2,31.363,1548,29.929,1.434,7420,-0.037,sample,sulfate,20220217
lower,54.5,5,3,110.409,3998,105.371,5.038,19102,-2.581,sample,sulfate,20220217
lower,54.5,5,4,31.233,1549,29.805,1.428,7420,-0.194,sample,sulfate,20220217
lower,54.5,5,5,31.375,1549,29.94,1.435,7424,-0.118,sample,sulfate,20220217
lower,54.5,6,1,31.226,1548,29.797,1.429,7424,0,sample,sulfate,20220217
lower,54.5,6,2,31.398,1548,29.961,1.437,7426,0.017,sample,sulfate,20220217
lower,54.5,6,3,56.051,2023,53.491,2.56,9669,-2.321,sample,sulfate,20220217
lower,54.5,6,4,31.307,1550,29.875,1.433,7433,-0.146,sample,sulfate,20220217
lower,54.5,6,5,31.486,1555,30.045,1.441,7457,-0.063,sample,sulfate,20220217
lower,83,4,1,31.417,1554,29.979,1.438,7450,0,sample,sulfate,20220217
lower,83,4,2,31.49,1556,30.049,1.441,7462,-0.045,sample,sulfate,20220217
lower,83,4,3,12.314,445,11.752,0.562,2126,-2.486,sample,sulfate,20220217
lower,83,4,4,31.266,1551,29.835,1.431,7438,-0.135,sample,sulfate,20220217
lower,83,4,5,31.562,1557,30.118,1.444,7467,-0.041,sample,sulfate,20220217
lower,83,5,1,31.404,1555,29.968,1.436,7450,0,sample,sulfate,20220217
lower,83,5,2,31.506,1557,30.065,1.441,7460,-0.067,sample,sulfate,20220217
lower,83,5,3,15.324,552,14.624,0.7,2638,-2.59,sample,sulfate,20220217
lower,83,5,4,31.305,1559,29.874,1.431,7470,-0.149,sample,sulfate,20220217
lower,83,5,5,31.658,1564,30.211,1.448,7494,-0.075,sample,sulfate,20220217
lower,83,6,1,31.625,1565,30.178,1.447,7506,0,sample,sulfate,20220217
lower,83,6,2,31.736,1567,30.284,1.452,7512,-0.024,sample,sulfate,20220217
lower,83,6,3,7.088,253,6.764,0.324,1210,-2.007,sample,sulfate,20220217
lower,83,6,4,33.344,1660,31.818,1.526,7962,-0.074,sample,sulfate,20220217
lower,83,6,5,33.689,1663,32.147,1.542,7976,-0.033,sample,sulfate,20220217
AGS_2,,,1,33.014,1635,31.503,1.511,7839,0,standard,,20220217
AGS_2,,,2,33.179,1639,31.661,1.518,7859,-0.004,standard,,20220217
AGS_2,,,3,20.478,764,19.541,0.938,3663,0.793,standard,,20220217
AGS_2,,,4,32.701,1630,31.205,1.496,7813,-0.067,standard,,20220217
AGS_2,,,5,33.038,1631,31.527,1.512,7822,-0.013,standard,,20220217
SID9,,,1,32.807,1627,31.306,1.501,7801,0,standard,,20220217
SID9,,,2,32.951,1626,31.443,1.508,7798,0.025,standard,,20220217
SID9,,,3,74.294,2601,70.924,3.37,12345,-9.886,standard,,20220217
SID9,,,4,31.013,1538,29.595,1.419,7375,-0.171,standard,,20220217
SID9,,,5,31.283,1546,29.852,1.431,7411,-0.08,standard,,20220217
SID9,,,1,31.309,1551,29.878,1.431,7429,0,standard,,20220217
SID9,,,2,31.506,1555,30.065,1.44,7450,-0.054,standard,,20220217
SID9,,,3,59.513,2208,56.815,2.698,10472,-9.466,standard,,20220217
SID9,,,4,31.556,1567,30.113,1.442,7504,-0.166,standard,,20220217
SID9,,,5,34.102,1684,32.543,1.559,8066,-0.033,standard,,20220217
SW,,,1,33.815,1675,32.267,1.547,8029,0,standard,,20220217
SW,,,2,33.888,1673,32.337,1.551,8019,-0.004,standard,,20220217
SW,,,3,39.423,1423,37.593,1.83,6921,16.26,standard,,20220217
SW,,,4,33.521,1660,31.988,1.534,7958,-0.117,standard,,20220217
SW,,,5,33.716,1664,32.173,1.543,7979,-0.087,standard,,20220217
SW,,,1,33.392,1653,31.866,1.526,7916,0,standard,,20220217
SW,,,2,33.521,1654,31.989,1.532,7919,-0.018,standard,,20220217
SW,,,3,39.362,1428,37.536,1.826,6942,17.076,standard,,20220217
SW,,,4,33.016,1637,31.507,1.509,7837,-0.006,standard,,20220217
SW,,,5,33.323,1643,31.8,1.523,7868,0.034,standard,,20220217
lower,101.5,4,1,33.173,1642,31.655,1.518,7873,0,sample,sulfate,20220217
lower,101.5,4,2,33.237,1640,31.716,1.521,7865,0.001,sample,sulfate,20220217
lower,101.5,4,3,65.729,2324,62.731,2.999,11096,-3.25,sample,sulfate,20220217
lower,101.5,4,4,33.217,1646,31.697,1.52,7893,-0.111,sample,sulfate,20220217
lower,101.5,4,5,33.454,1649,31.924,1.531,7907,-0.021,sample,sulfate,20220217
lower,101.5,5,1,33.156,1640,31.639,1.517,7864,0,sample,sulfate,20220217
lower,101.5,5,2,33.291,1643,31.768,1.523,7877,0.008,sample,sulfate,20220217
lower,101.5,5,3,50.036,1885,47.752,2.284,9008,-2.577,sample,sulfate,20220217
lower,101.5,5,4,32.715,1624,31.218,1.497,7787,0.002,sample,sulfate,20220217
lower,101.5,5,5,33,1627,31.49,1.51,7803,0.065,sample,sulfate,20220217
lower,101.5,6,1,32.657,1611,31.162,1.494,7725,0,sample,sulfate,20220217
lower,101.5,6,2,31.271,1543,29.84,1.431,7400,0.029,sample,sulfate,20220217
lower,101.5,6,3,63.335,2394,60.444,2.891,11439,-2.947,sample,sulfate,20220217
lower,101.5,6,4,33.236,1651,31.715,1.521,7917,-0.076,sample,sulfate,20220217
lower,101.5,6,5,33.678,1662,32.137,1.541,7971,0.036,sample,sulfate,20220217
AGS_2,,,1,30.17,1495,28.792,1.378,7158,0,standard,,20220218
AGS_2,,,2,30.369,1500,28.982,1.387,7178,-0.088,standard,,20220218
AGS_2,,,3,35.874,1378,34.233,1.64,6595,1.167,standard,,20220218
AGS_2,,,4,30.266,1505,28.883,1.383,7204,-0.001,standard,,20220218
AGS_2,,,5,30.561,1510,29.165,1.396,7229,-0.085,standard,,20220218
AGS_2,,,1,30.481,1505,29.091,1.389,7187,0,standard,,20220218
AGS_2,,,2,30.503,1509,29.113,1.39,7207,-0.114,standard,,20220218
AGS_2,,,3,51.253,1779,48.915,2.338,8496,1.089,standard,,20220218
AGS_2,,,4,30.302,1503,28.921,1.381,7178,0.121,standard,,20220218
AGS_2,,,5,30.521,1508,29.13,1.391,7203,0.126,standard,,20220218
SID9,,,1,30.343,1501,28.96,1.383,7170,0,standard,,20220218
SID9,,,2,30.729,1534,29.329,1.401,7328,0.028,standard,,20220218
SID9,,,3,103.346,3662,98.675,4.671,17326,-9.583,standard,,20220218
SID9,,,4,30.198,1500,28.822,1.376,7163,-0.183,standard,,20220218
SID9,,,5,30.465,1505,29.077,1.388,7187,-0.131,standard,,20220218
SID9,,,1,30.372,1505,28.985,1.387,7202,0,standard,,20220218
SID9,,,2,30.475,1507,29.083,1.392,7212,-0.073,standard,,20220218
SID9,,,3,55.979,2039,53.444,2.535,9660,-9.908,standard,,20220218
SID9,,,4,30.253,1503,28.871,1.382,7193,-0.18,standard,,20220218
SID9,,,5,30.519,1507,29.125,1.394,7212,-0.165,standard,,20220218
medium,0,1,1,30.396,1505,29.005,1.391,7217,0,sample,sulfide,20220218
medium,0,1,2,30.502,1505,29.106,1.396,7220,-0.017,sample,sulfide,20220218
medium,0,1,3,35.715,1321,34.085,1.63,6310,-3.191,sample,sulfide,20220218
medium,0,1,4,30.19,1502,28.808,1.381,7201,-0.143,sample,sulfide,20220218
medium,0,1,5,30.574,1509,29.175,1.399,7237,-0.066,sample,sulfide,20220218
medium,33.5,1,1,30.457,1509,29.066,1.391,7222,0,sample,sulfide,20220218
medium,33.5,1,2,30.618,1512,29.22,1.398,7234,-0.175,sample,sulfide,20220218
medium,33.5,1,3,40.962,1531,39.101,1.862,7280,-5.429,sample,sulfide,20220218
medium,33.5,1,4,32.066,1583,30.602,1.464,7575,-0.044,sample,sulfide,20220218
medium,33.5,1,5,30.841,1521,29.432,1.408,7277,-0.095,sample,sulfide,20220218
medium,54.5,1,1,30.384,1505,28.995,1.39,7213,0,sample,sulfide,20220218
medium,54.5,1,2,30.494,1508,29.099,1.395,7228,-0.035,sample,sulfide,20220218
medium,54.5,1,3,36.468,1319,34.81,1.657,6274,-10.075,sample,sulfide,20220218
medium,54.5,1,4,30.553,1512,29.155,1.397,7246,-0.125,sample,sulfide,20220218
medium,54.5,1,5,30.837,1524,29.426,1.41,7302,-0.003,sample,sulfide,20220218
medium,71,1,1,30.614,1517,29.214,1.4,7270,0,sample,sulfide,20220218
medium,71,1,2,30.737,1520,29.332,1.406,7284,-0.029,sample,sulfide,20220218
medium,71,1,3,34.964,1363,33.379,1.585,6466,-13.994,sample,sulfide,20220218
medium,71,1,4,30.468,1518,29.075,1.393,7273,-0.167,sample,sulfide,20220218
medium,71,1,5,30.841,1524,29.431,1.41,7305,-0.05,sample,sulfide,20220218
medium,83,1,1,30.736,1525,29.33,1.406,7312,0,sample,sulfide,20220218
medium,83,1,2,30.88,1526,29.467,1.413,7317,0.012,sample,sulfide,20220218
medium,83,1,3,27.887,1009,26.626,1.261,4774,-21.477,sample,sulfide,20220218
medium,83,1,4,32.632,1628,31.139,1.493,7805,-0.174,sample,sulfide,20220218
medium,83,1,5,33.082,1633,31.568,1.514,7832,-0.045,sample,sulfide,20220218
medium,91,1,1,32.684,1619,31.19,1.495,7756,0,sample,sulfide,20220218
medium,91,1,2,32.8,1619,31.3,1.5,7757,-0.077,sample,sulfide,20220218
medium,91,1,3,25.813,939,24.644,1.168,4446,-30.756,sample,sulfide,20220218
medium,91,1,4,32.35,1611,30.871,1.479,7719,-0.215,sample,sulfide,20220218
medium,91,1,5,32.736,1616,31.239,1.497,7743,-0.104,sample,sulfide,20220218
medium,0,2,1,32.528,1610,31.047,1.481,7679,0,sample,sulfide,20220218
medium,0,2,2,32.616,1612,31.131,1.485,7686,-0.007,sample,sulfide,20220218
medium,0,2,3,31.665,1158,30.227,1.437,5499,-3.286,sample,sulfide,20220218
medium,0,2,4,30.185,1501,28.811,1.374,7157,-0.21,sample,sulfide,20220218
medium,0,2,5,30.586,1509,29.194,1.392,7195,-0.083,sample,sulfide,20220218
medium,33.5,2,1,30.623,1518,29.226,1.397,7260,0,sample,sulfide,20220218
medium,33.5,2,2,30.712,1521,29.311,1.401,7272,-0.1,sample,sulfide,20220218
medium,33.5,2,3,47.167,1685,45.024,2.142,8006,-5.286,sample,sulfide,20220218
medium,33.5,2,4,30.8,1525,29.395,1.405,7291,-0.189,sample,sulfide,20220218
medium,33.5,2,5,30.988,1531,29.574,1.414,7318,-0.096,sample,sulfide,20220218
medium,54.5,2,1,30.912,1532,29.499,1.413,7337,0,sample,sulfide,20220218
medium,54.5,2,2,31.039,1537,29.621,1.419,7360,-0.088,sample,sulfide,20220218
medium,54.5,2,3,29.59,1049,28.245,1.344,4987,-8.848,sample,sulfide,20220218
medium,54.5,2,4,30.803,1534,29.395,1.408,7345,-0.087,sample,sulfide,20220218
medium,54.5,2,5,31.127,1537,29.704,1.423,7362,-0.028,sample,sulfide,20220218
medium,71,2,1,31.008,1537,29.591,1.417,7360,0,sample,sulfide,20220218
medium,71,2,2,31.177,1538,29.752,1.425,7366,0.013,sample,sulfide,20220218
medium,71,2,3,34.192,1259,32.644,1.548,5963,-12.889,sample,sulfide,20220218
medium,71,2,4,30.887,1537,29.475,1.412,7361,-0.04,sample,sulfide,20220218
medium,71,2,5,31.248,1543,29.819,1.428,7392,0.074,sample,sulfide,20220218
medium,83,2,1,31.148,1541,29.724,1.424,7384,0,sample,sulfide,20220218
medium,83,2,2,31.24,1545,29.812,1.428,7399,-0.06,sample,sulfide,20220218
medium,83,2,3,24.228,875,23.135,1.094,4132,-18.384,sample,sulfide,20220218
medium,83,2,4,30.96,1539,29.546,1.415,7373,-0.217,sample,sulfide,20220218
medium,83,2,5,31.3,1547,29.869,1.431,7411,-0.098,sample,sulfide,20220218
medium,91,2,1,31.261,1549,29.832,1.429,7418,0,sample,sulfide,20220218
medium,91,2,2,33.338,1655,31.814,1.524,7929,0.086,sample,sulfide,20220218
medium,91,2,3,19.411,688,18.534,0.877,3250,-32.013,sample,sulfide,20220218
medium,91,2,4,32.956,1639,31.45,1.506,7849,0.033,sample,sulfide,20220218
medium,91,2,5,33.223,1641,31.705,1.519,7858,0.104,sample,sulfide,20220218
AGS_2,,,1,31.051,1536,29.632,1.419,7358,0,standard,,20220218
AGS_2,,,2,31.152,1540,29.728,1.424,7375,-0.029,standard,,20220218
AGS_2,,,3,44.416,1639,42.384,2.032,7850,1.126,standard,,20220218
AGS_2,,,4,31.095,1544,29.673,1.421,7397,-0.065,standard,,20220218
AGS_2,,,5,31.386,1550,29.951,1.435,7423,0.037,standard,,20220218
AGS_2,,,1,31.162,1547,29.736,1.426,7420,0,standard,,20220218
AGS_2,,,2,31.363,1550,29.927,1.435,7432,-0.023,standard,,20220218
AGS_2,,,3,33.621,1247,32.081,1.54,5980,0.896,standard,,20220218
AGS_2,,,4,30.86,1536,29.448,1.412,7367,-0.23,standard,,20220218
AGS_2,,,5,31.203,1541,29.775,1.428,7388,-0.138,standard,,20220218
SID9,,,1,30.958,1534,29.541,1.417,7355,0,standard,,20220218
SID9,,,2,31.065,1534,29.644,1.422,7355,-0.023,standard,,20220218
SID9,,,3,31.152,1177,29.739,1.413,5584,-9.841,standard,,20220218
SID9,,,4,33.18,1649,31.662,1.518,7907,-0.113,standard,,20220218
SID9,,,5,33.36,1647,31.833,1.526,7899,-0.039,standard,,20220218
SID9,,,1,32.773,1622,31.277,1.496,7759,0,standard,,20220218
SID9,,,2,32.784,1618,31.287,1.497,7743,0.026,standard,,20220218
SID9,,,3,77.215,2964,73.72,3.495,14038,-9.957,standard,,20220218
SID9,,,4,32.307,1604,30.832,1.475,7674,0.14,standard,,20220218
SID9,,,5,32.524,1606,31.038,1.485,7688,0.238,standard,,20220218
medium,0,3,1,32.287,1598,30.81,1.477,7661,0,sample,sulfide,20220218
medium,0,3,2,32.426,1601,30.942,1.483,7673,0.009,sample,sulfide,20220218
medium,0,3,3,30.035,1133,28.665,1.37,5408,-3.386,sample,sulfide,20220218
medium,0,3,4,31.955,1587,30.494,1.462,7609,-0.032,sample,sulfide,20220218
medium,0,3,5,32.19,1591,30.718,1.472,7625,0.048,sample,sulfide,20220218
medium,33.5,3,1,32.009,1585,30.545,1.464,7600,0,sample,sulfide,20220218
medium,33.5,3,2,32.082,1585,30.614,1.467,7596,-0.025,sample,sulfide,20220218
medium,33.5,3,3,41.966,1562,40.055,1.911,7442,-5.422,sample,sulfide,20220218
medium,33.5,3,4,31.573,1568,30.129,1.444,7515,-0.06,sample,sulfide,20220218
medium,33.5,3,5,31.783,1570,30.329,1.454,7526,-0.021,sample,sulfide,20220218
medium,54.5,3,1,31.595,1564,30.15,1.445,7498,0,sample,sulfide,20220218
medium,54.5,3,2,31.677,1565,30.228,1.449,7501,0.071,sample,sulfide,20220218
medium,54.5,3,3,34.429,1350,32.864,1.565,6420,-9.242,sample,sulfide,20220218
medium,54.5,3,4,29.953,1491,28.583,1.37,7149,-0.029,sample,sulfide,20220218
medium,54.5,3,5,30.366,1501,28.977,1.389,7196,0.051,sample,sulfide,20220218
medium,71,3,1,30.275,1499,28.894,1.381,7166,0,sample,sulfide,20220218
medium,71,3,2,30.406,1503,29.019,1.387,7182,-0.034,sample,sulfide,20220218
medium,71,3,3,42.669,1634,40.741,1.928,7729,-13.406,sample,sulfide,20220218
medium,71,3,4,30.251,1503,28.871,1.38,7184,0.113,sample,sulfide,20220218
medium,71,3,5,30.548,1509,29.154,1.394,7211,0.177,sample,sulfide,20220218
medium,83,3,1,30.428,1508,29.038,1.391,7221,0,sample,sulfide,20220218
medium,83,3,2,30.546,1510,29.15,1.396,7234,-0.023,sample,sulfide,20220218
medium,83,3,3,21.236,809,20.278,0.959,3819,-19.985,sample,sulfide,20220218
medium,83,3,4,30.236,1505,28.854,1.382,7207,0.01,sample,sulfide,20220218
medium,83,3,5,30.536,1509,29.14,1.396,7229,0.087,sample,sulfide,20220218
medium,91,3,1,30.406,1506,29.019,1.387,7197,0,sample,sulfide,20220218
medium,91,3,2,30.517,1509,29.125,1.392,7212,-0.048,sample,sulfide,20220218
medium,91,3,3,24.837,936,23.717,1.12,4414,-31.245,sample,sulfide,20220218
medium,91,3,4,30.178,1502,28.801,1.377,7179,0.07,sample,sulfide,20220218
medium,91,3,5,31.033,1530,29.617,1.416,7315,0.157,sample,sulfide,20220218
lower,151,4,1,30.39,1507,29.001,1.389,7219,0,sample,sulfate,20220218
lower,151,4,2,30.519,1508,29.124,1.395,7225,0.001,sample,sulfate,20220218
lower,151,4,3,56.264,2150,53.699,2.565,10260,-2.933,sample,sulfate,20220218
lower,151,4,4,30.332,1507,28.946,1.386,7219,0.001,sample,sulfate,20220218
lower,151,4,5,30.637,1514,29.237,1.4,7254,0.114,sample,sulfate,20220218
lower,151,5,1,30.482,1510,29.091,1.391,7221,0,sample,sulfate,20220218
lower,151,5,2,30.603,1512,29.206,1.396,7228,-0.124,sample,sulfate,20220218
lower,151,5,3,54.981,2077,52.478,2.503,9894,-2.778,sample,sulfate,20220218
lower,151,5,4,30.431,1511,29.042,1.389,7224,-0.056,sample,sulfate,20220218
lower,151,5,5,30.677,1516,29.277,1.4,7247,0.025,sample,sulfate,20220218
lower,151,6,1,30.523,1512,29.128,1.395,7244,0,sample,sulfate,20220218
lower,151,6,2,30.643,1514,29.242,1.401,7255,-0.048,sample,sulfate,20220218
lower,151,6,3,51.83,2047,49.467,2.363,9766,-3.192,sample,sulfate,20220218
lower,151,6,4,30.456,1511,29.064,1.392,7241,-0.076,sample,sulfate,20220218
lower,151,6,5,30.696,1516,29.293,1.403,7262,0.002,sample,sulfate,20220218
lower,295,4,1,30.425,1507,29.036,1.389,7206,0,sample,sulfate,20220218
lower,295,4,2,30.571,1511,29.175,1.395,7226,-0.033,sample,sulfate,20220218
lower,295,4,3,47.74,1805,45.566,2.173,8600,-2.838,sample,sulfate,20220218
lower,295,4,4,30.151,1501,28.775,1.376,7177,0.065,sample,sulfate,20220218
lower,295,4,5,30.508,1507,29.115,1.392,7209,0.164,sample,sulfate,20220218
lower,295,5,1,30.381,1505,28.994,1.387,7196,0,sample,sulfate,20220218
lower,295,5,2,30.799,1527,29.393,1.406,7303,0.059,sample,sulfate,20220218
lower,295,5,3,50.063,1886,47.782,2.28,8994,-2.287,sample,sulfate,20220218
lower,295,5,4,30.317,1506,28.933,1.384,7205,0.041,sample,sulfate,20220218
lower,295,5,5,30.561,1512,29.166,1.395,7230,0.047,sample,sulfate,20220218
lower,295,6,1,30.49,1509,29.098,1.392,7216,0,sample,sulfate,20220218
lower,295,6,2,30.588,1511,29.192,1.396,7227,0.009,sample,sulfate,20220218
lower,295,6,3,35.54,1345,33.922,1.618,6409,-3.179,sample,sulfate,20220218
lower,295,6,4,30.266,1507,28.884,1.382,7210,0.105,sample,sulfate,20220218
lower,295,6,5,30.673,1513,29.273,1.4,7239,0.171,sample,sulfate,20220218
AGS_2,,,1,30.395,1507,29.007,1.388,7209,0,standard,,20220218
AGS_2,,,2,30.522,1510,29.128,1.393,7224,-0.042,standard,,20220218
AGS_2,,,3,28.104,1063,26.82,1.284,5082,0.808,standard,,20220218
AGS_2,,,4,30.219,1504,28.839,1.38,7197,0.072,standard,,20220218
AGS_2,,,5,30.559,1510,29.163,1.395,7226,0.095,standard,,20220218
AGS_2,,,1,30.405,1506,29.016,1.388,7207,0,standard,,20220218
AGS_2,,,2,30.513,1509,29.12,1.393,7217,-0.068,standard,,20220218
AGS_2,,,3,44.851,1655,42.801,2.05,7919,0.925,standard,,20220218
AGS_2,,,4,30.33,1506,28.945,1.385,7208,0.015,standard,,20220218
AGS_2,,,5,30.795,1521,29.388,1.406,7279,0.101,standard,,20220218
SID9,,,1,30.435,1509,29.045,1.39,7222,0,standard,,20220218
SID9,,,2,30.569,1511,29.173,1.396,7227,-0.02,standard,,20220218
SID9,,,3,46.547,1727,44.44,2.107,8178,-9.898,standard,,20220218
SID9,,,4,30.322,1507,28.938,1.385,7213,0.045,standard,,20220218
SID9,,,5,30.643,1511,29.243,1.399,7233,0.137,standard,,20220218
SID9,,,1,30.461,1508,29.07,1.391,7217,0,standard,,20220218
SID9,,,2,30.567,1510,29.171,1.396,7225,-0.001,standard,,20220218
SID9,,,3,96.205,3560,91.85,4.355,16869,-10.042,standard,,20220218
SID9,,,4,30.384,1508,28.997,1.387,7218,-0.1,standard,,20220218
SID9,,,5,30.604,1511,29.207,1.398,7233,-0.05,standard,,20220218
SW,,,1,30.461,1509,29.07,1.391,7220,0,standard,,20220218
SW,,,2,30.621,1512,29.222,1.398,7234,0,standard,,20220218
SW,,,3,37.081,1413,35.361,1.72,6871,18.234,standard,,20220218
SW,,,4,30.241,1506,28.86,1.381,7205,0.09,standard,,20220218
SW,,,5,30.636,1510,29.237,1.399,7227,0.13,standard,,20220218
SW,,,1,30.442,1508,29.052,1.39,7218,0,standard,,20220218
SW,,,2,30.565,1510,29.169,1.396,7227,-0.028,standard,,20220218
SW,,,3,35.265,1323,33.629,1.637,6432,18.463,standard,,20220218
SW,,,4,30.283,1505,28.899,1.383,7206,0.081,standard,,20220218
SW,,,5,30.58,1511,29.184,1.397,7233,0.125,standard,,20220218
high,151,5,1,30.422,1505,29.032,1.39,7206,0,sample,sulfate,20220218
high,151,5,2,30.533,1510,29.138,1.395,7229,-0.007,sample,sulfate,20220218
high,151,5,3,64.234,2407,61.305,2.929,11488,-0.399,sample,sulfate,20220218
high,151,5,4,30.344,1507,28.958,1.386,7215,-0.028,sample,sulfate,20220218
high,151,5,5,30.587,1510,29.189,1.398,7231,0.034,sample,sulfate,20220218
high,151,6,1,30.427,1507,29.037,1.39,7214,0,sample,sulfate,20220218
high,151,6,2,30.57,1507,29.174,1.397,7215,0.009,sample,sulfate,20220218
high,151,6,3,35.949,1364,34.31,1.639,6509,-1.511,sample,sulfate,20220218
high,151,6,4,30.203,1501,28.823,1.38,7186,0.03,sample,sulfate,20220218
high,151,6,5,30.498,1506,29.104,1.394,7210,0.045,sample,sulfate,20220218
high,295,5,1,30.307,1502,28.922,1.385,7192,0,sample,sulfate,20220218
high,295,5,2,30.467,1503,29.075,1.392,7197,-0.071,sample,sulfate,20220218
high,295,5,3,23.373,877,22.307,1.066,4185,-2.299,sample,sulfate,20220218
high,295,5,4,30.175,1501,28.796,1.379,7185,-0.103,sample,sulfate,20220218
high,295,5,5,30.542,1507,29.146,1.396,7215,-0.066,sample,sulfate,20220218
high,295,6,1,30.259,1507,28.877,1.382,7214,0,sample,sulfate,20220218
high,295,6,2,30.368,1508,28.981,1.387,7219,-0.037,sample,sulfate,20220218
high,295,6,3,24.135,910,23.035,1.1,4340,-3.555,sample,sulfate,20220218
high,295,6,4,30.266,1506,28.883,1.383,7212,-0.017,sample,sulfate,20220218
high,295,6,5,30.655,1510,29.254,1.401,7230,0.01,sample,sulfate,20220218
medium,101.5,5,1,32.399,1594,30.919,1.48,7634,0,sample,sulfate,20220218
medium,101.5,5,2,30.83,1519,29.421,1.409,7274,-0.018,sample,sulfate,20220218
medium,101.5,5,3,19.719,726,18.82,0.9,3467,-1.544,sample,sulfate,20220218
medium,101.5,5,4,30.297,1508,28.913,1.384,7222,-0.03,sample,sulfate,20220218
medium,101.5,5,5,30.563,1514,29.166,1.396,7248,0.068,sample,sulfate,20220218
medium,101.5,6,1,30.514,1509,29.12,1.394,7222,0,sample,sulfate,20220218
medium,101.5,6,2,30.627,1512,29.228,1.399,7240,-0.052,sample,sulfate,20220218
medium,101.5,6,3,36.067,1410,34.422,1.645,6732,-1.851,sample,sulfate,20220218
medium,101.5,6,4,30.315,1510,28.93,1.385,7229,-0.068,sample,sulfate,20220218
medium,101.5,6,5,30.627,1515,29.228,1.399,7253,-0.004,sample,sulfate,20220218
medium,83,4,1,30.605,1518,29.207,1.398,7267,0,sample,sulfate,20220218
medium,83,4,2,30.748,1521,29.343,1.404,7282,-0.08,sample,sulfate,20220218
medium,83,4,3,151.128,5369,144.23,6.898,25662,-0.902,sample,sulfate,20220218
medium,83,4,4,30.846,1529,29.438,1.409,7318,-0.311,sample,sulfate,20220218
medium,83,4,5,31.087,1533,29.667,1.42,7334,-0.244,sample,sulfate,20220218
medium,83,5,1,30.915,1531,29.503,1.412,7325,0,sample,sulfate,20220218
medium,83,5,2,31.058,1533,29.64,1.418,7333,-0.044,sample,sulfate,20220218
medium,83,5,3,144.872,5218,138.263,6.609,24932,-1.141,sample,sulfate,20220218
medium,83,5,4,33.679,1665,32.141,1.538,7964,-0.218,sample,sulfate,20220218
medium,83,5,5,33.727,1661,32.187,1.54,7947,-0.267,sample,sulfate,20220218
medium,83,6,1,33.376,1648,31.853,1.523,7880,0,sample,sulfate,20220218
medium,83,6,2,33.424,1649,31.899,1.526,7885,0.041,sample,sulfate,20220218
medium,83,6,3,134.847,4826,128.702,6.145,23034,-1.928,sample,sulfate,20220218
medium,83,6,4,32.992,1633,31.486,1.506,7810,-0.284,sample,sulfate,20220218
medium,83,6,5,33.198,1634,31.683,1.515,7813,-0.322,sample,sulfate,20220218
AGS_2,,,1,32.65,1615,31.156,1.494,7744,0,standard,,20220218
AGS_2,,,2,32.743,1617,31.245,1.498,7753,-0.067,standard,,20220218
AGS_2,,,3,23.782,890,22.693,1.089,4266,0.587,standard,,20220218
AGS_2,,,4,32.447,1616,30.963,1.484,7749,-0.198,standard,,20220218
AGS_2,,,5,32.852,1623,31.349,1.503,7779,-0.171,standard,,20220218
SID9,,,1,32.617,1615,31.13,1.487,7715,0,standard,,20220218
SID9,,,2,32.698,1616,31.207,1.49,7716,-0.04,standard,,20220218
SID9,,,3,69.097,2500,65.975,3.121,11816,-10.3,standard,,20220218
SID9,,,4,32.398,1610,30.922,1.476,7688,-0.341,standard,,20220218
SID9,,,5,32.658,1615,31.17,1.488,7710,-0.384,standard,,20220218
SID9,,,1,32.596,1614,31.108,1.489,7721,0,standard,,20220218
SID9,,,2,32.688,1617,31.195,1.493,7736,-0.014,standard,,20220218
SID9,,,3,52.166,1868,49.806,2.361,8844,-10.29,standard,,20220218
SID9,,,4,32.386,1611,30.907,1.479,7707,-0.136,standard,,20220218
SID9,,,5,32.734,1615,31.239,1.495,7726,-0.082,standard,,20220218
SW,,,1,32.53,1607,31.041,1.489,7706,0,standard,,20220218
SW,,,2,32.624,1610,31.131,1.493,7722,-0.016,standard,,20220218
SW,,,3,35.963,1322,34.291,1.672,6439,18.175,standard,,20220218
SW,,,4,30.536,1520,29.139,1.397,7289,-0.118,standard,,20220218
SW,,,5,30.918,1527,29.503,1.415,7326,-0.082,standard,,20220218
SW,,,1,31.033,1536,29.613,1.42,7368,0,standard,,20220218
SW,,,2,31.116,1538,29.692,1.424,7376,0.008,standard,,20220218
SW,,,3,35.19,1236,33.554,1.636,6021,18.342,standard,,20220218
SW,,,4,32.747,1636,31.249,1.498,7846,-0.07,standard,,20220218
SW,,,5,33.391,1642,31.863,1.528,7875,0.013,standard,,20220218